SKU;Nama Produk;
8999999595357;DOVE Perawatan Rambut Rontok Hair Tonic Spray 75ml;
8999999584207;DOVE Deep Cleanse Micellar Shampo Himalaya Salt 190ml;
8999999526344;TRESEMME Shampoo Hair Fall Tresplex 170ml;
40200509458;SUNSILK Multivitamin Hair Parfume Pink 100ml;
40200509242;SUNSILK Multivitamin Hair Parfume Kuning 100ml;
40200509360;SUNSILK Multivitamin Hair Parfume Ungu 100ml;
8999999540159;VASELINE Repairing Jelly Aloevera 50ml;
8999999559588;VASELINE Body Lotion Serum Soft Glow 180ml;
8999999502942;VASELINE Repairing Jelly 50ml;
8999999035273;VASELINE Healthy Bright Spf 30 PA++ Gluta Vitamin 180ml;
8999999577421;VASELINE Healthy Bright Hijab Protect Gluta Vitamin 180ml;
8999999502973;VASELINE Repairing Jelly 100ml;
8999999559595;VASELINE Body Serum Fiem Glow 180ml;
8999999577407;VASELINE Healthy Bright Radiant Gluta Vitamin Cooling Serum 180ml;
30100244316;LUX Mood Library Peaceful Galaxy Body Scrub 360gr;
30100167658;LUX Mood Library Peaceful Galaxy Shower Gel 470gr;
10100507517;THE ORIGINOTE Micellar Cleansing Tissue 10pcs;
10100724414;THE ORIGINOTE Hyalu BHA Acne Micellar Water 300ml;
20101207602;SEA MAKEUP Stayput Prime & Set Acne Setting Spray 100ml;
725765154392;SEA MAKEUP Lock It Matte Acne Setting Spray 100ml;
745604686181;GRACE AND GLOW Bightening Sun Body Serum 100ml;
30200424556;GRACE AND GLOW Whitw B-3 Bright Body Gel Serum 150ml;
40100204145;GRACE AND GLOW Velvet Breeze Dry Shampoo 150ml;
40100204024;GRACE AND GLOW Daisy Breeze Dry Shampoo 150ml;
30400519016;GRACE AND GLOW Invisible Smooth Antiperspirant Roll On 20ml;
8997230373085;DEAR ME BEAUTY Spf 50 + Skin Barrier Sunscreen Gel 35ml;
8997230373894;DEAR ME BEAUTY Serum Lip Tint Dear Vania 3.5ml;
8999908082800;MARINA Hand Body Lotion Uv White Healthy & Glow 185Ml;
8999908266101;MARINA Hand Body Lotion Uv White Healthy & Glow 460Ml;
8999908082701;MARINA Hand Body Lotion Uv White Healthy & Glow 92ml;
8999908805508;MARINA UV White Sunblock Spf 30 PA++ Hand & Body Lotion 85ml;
8999908618702;MARINA Healty and Glow Body Scrub 200ml;
8999999581930;VASELINE Healthy Bright Gluta-Hya Flawless Bright 200ml;
8999999581947;VASELINE Healthy Bright Gluta-Hya Dewy Radiance 200ml;
9556126670654;VASELINE Healthy Bright Gluta-Hya Flawless Glow 330ml;
8999999719418;VASELINE Body Lotion Healty Bright Uv Extra Brightening 200ml;
8999999590055;VASELINE Healty Burst Lotion GLUTA-HYA Overnight Radiance Repair 330ml;
8851932417464;VASELINE Daily Sun Refreshing SPF50+ 170ml;
8999999003043;VASELINE Healty Bright Sun Pollution Spf24 Protection Lotion 200ml;
8999999596972;VASELINE Healthy Bright Gluta-Hya Serum Burst Lotion Pro Age Restore 200ml;